{"cameraMode":{"drawMode":0,"name":"Shaded","section":"Shading Mode"},"sceneLighting":true,"audioPlay":false,"sceneViewState":{"m_AlwaysRefresh":false,"showFog":true,"showSkybox":true,"showFlares":true,"showImageEffects":true,"showParticleSystems":true,"showVisualEffectGraphs":true,"m_FxEnabled":true},"in2DMode":false,"pivot":{"x":3.9459688663482668,"y":0.9345207214355469,"z":-8.365086555480957},"rotation":{"x":0.13595381379127503,"y":0.5760354399681091,"z":-0.09787087887525559,"w":0.8000919818878174},"size":0.6073950529098511,"orthographic":false}